{"cameraMode":{"drawMode":0,"name":"Shaded","section":"Shading Mode"},"sceneLighting":true,"audioPlay":false,"sceneViewState":{"m_AlwaysRefresh":false,"showFog":true,"showSkybox":true,"showFlares":true,"showImageEffects":true,"showParticleSystems":true,"showVisualEffectGraphs":true,"m_FxEnabled":true},"in2DMode":false,"pivot":{"x":5.040297985076904,"y":6.952136993408203,"z":0.5676097869873047},"rotation":{"x":0.2707975208759308,"y":-0.06380333006381989,"z":0.01799582690000534,"w":0.9604706168174744},"size":2.5149481296539308,"orthographic":false}